<assembly xmlns="http://maven.apache.org/plugins/maven-assembly-plugin/assembly/1.1.3"
          xmlns:xsi="http://www.w3.org/2001/XMLSchema-instance"
          xsi:schemaLocation="http://maven.apache.org/plugins/maven-assembly-plugin/assembly/1.1.3 http://maven.apache.org/xsd/assembly-1.1.3.xsd">

    <id>dist</id>

    <formats>
        <format>tar.gz</format>
    </formats>

    <includeBaseDirectory>false</includeBaseDirectory>

    <fileSets>
        <fileSet>
            <directory>src/main/resources</directory>
            <fileMode>0644</fileMode>
            <directoryMode>0755</directoryMode>
            <outputDirectory>etc</outputDirectory>
            <filtered>false</filtered>
            <includes><include>**/*</include></includes>
            <excludes><exclude>**/scripts/**</exclude></excludes>
        </fileSet>
        <fileSet>
            <directory>src/main/resources/scripts</directory>
            <fileMode>0755</fileMode>
            <directoryMode>0755</directoryMode>
            <outputDirectory>bin</outputDirectory>
            <filtered>false</filtered>
        </fileSet>
        <fileSet>
            <directory>target/native</directory>
            <fileMode>0644</fileMode>
            <directoryMode>0755</directoryMode>
            <outputDirectory>lib/native</outputDirectory>
            <filtered>false</filtered>
            <includes><include>**/*</include></includes>
        </fileSet>
    </fileSets>

    <dependencySets>
        <dependencySet>
            <useProjectArtifact>true</useProjectArtifact>
            <useTransitiveDependencies>true</useTransitiveDependencies>
            <unpack>false</unpack>
            <scope>runtime</scope>
            <fileMode>0644</fileMode>
            <directoryMode>0755</directoryMode>
            <outputDirectory>lib</outputDirectory>
        </dependencySet>
    </dependencySets>



</assembly>