<assembly
  xmlns="http://maven.apache.org/plugins/maven-assembly-plugin/assembly/1.1.2"
  xmlns:xsi="http://www.w3.org/2001/XMLSchema-instance"
  xsi:schemaLocation="http://maven.apache.org/plugins/maven-assembly-plugin/assembly/1.1.2 http://maven.apache.org/xsd/assembly-1.1.2.xsd">

  <id>dist</id>

  <formats>
    <format>tar.gz</format>
    <format>zip</format>
  </formats>

  <includeBaseDirectory>false</includeBaseDirectory>

  <dependencySets>
    <dependencySet>
      <outputDirectory>lib</outputDirectory>
      <useProjectArtifact>true</useProjectArtifact>
    </dependencySet>
  </dependencySets>

  <fileSets>
    <fileSet>
      <directory>src/main/config</directory>
      <outputDirectory>config</outputDirectory>
      <includes>
        <include>**/*</include>
      </includes>
    </fileSet>

    <fileSet>
      <directory>src/main/scripts</directory>
      <outputDirectory>/</outputDirectory>
      <includes>
        <include>**/*</include>
      </includes>
      <fileMode>0755</fileMode>
    </fileSet>

  </fileSets>

</assembly>