<assembly xmlns="http://maven.apache.org/ASSEMBLY/2.0.0"
          xmlns:xsi="http://www.w3.org/2001/XMLSchema-instance"
          xsi:schemaLocation="http://maven.apache.org/ASSEMBLY/2.0.0 http://maven.apache.org/xsd/assembly-2.0.0.xsd">
    <id>dist</id>

    <formats>
        <format>tar.gz</format>
    </formats>

    <includeBaseDirectory>false</includeBaseDirectory>

    <dependencySets>
        <dependencySet>
            <outputDirectory>libs/KdbCoreLib</outputDirectory>
            <includes>
                <include>com.fxq:KdbCoreLib</include>
            </includes>
            <unpack>true</unpack>
        </dependencySet>
    </dependencySets>

    <fileSets>
        <fileSet>
            <outputDirectory>./</outputDirectory>
            <directory>src/main/q</directory>
            <includes>
                <!-- all subfolders and all files-->
                <include>**/*</include>
            </includes>
            <fileMode>0755</fileMode>
        </fileSet>
    </fileSets>

</assembly>