<assembly xmlns="http://maven.apache.org/plugins/maven-assembly-plugin/assembly/1.1.3"
          xmlns:xsi="http://www.w3.org/2001/XMLSchema-instance"
          xsi:schemaLocation="http://maven.apache.org/plugins/maven-assembly-plugin/assembly/1.1.3 http://maven.apache.org/xsd/assembly-1.1.3.xsd">
    <id>PROD-P1-riverside2</id>

    <formats>
        <format>tar.gz</format>
    </formats>

    <includeBaseDirectory>false</includeBaseDirectory>

    <fileSets>

        <fileSet>
            <outputDirectory>./</outputDirectory>
            <directory>src/main/topdir</directory>
            <includes>
                <!-- all files and all subdirectories -->
                <include>**/*</include>
            </includes>
            <fileMode>0755</fileMode>
        </fileSet>

        <!-- server config -->
        <fileSet>
            <outputDirectory>./</outputDirectory>
            <directory>src/main/topdir/servers/PROD-P1-riverside2-fxq</directory>
            <includes>
                <!-- all files and all subdirectories -->
                <include>**/*</include>
            </includes>
            <fileMode>0755</fileMode>
        </fileSet>

        <!-- INSTANCES -->
        <fileSet>
            <outputDirectory>./modules/prices</outputDirectory>
            <directory>src/main/modules/prices</directory>
            <includes>
                <include>**/*</include>
            </includes>
            <fileMode>0755</fileMode>
        </fileSet>

        <fileSet>
            <outputDirectory>./modules/pricesV20</outputDirectory>
            <directory>src/main/modules/pricesV20</directory>
            <includes>
                <include>**/*</include>
            </includes>
            <fileMode>0755</fileMode>
        </fileSet>

        <fileSet>
            <outputDirectory>./modules/oandaTransactions</outputDirectory>
            <directory>src/main/modules/oandaTransactions</directory>
            <includes>
                <include>**/*</include>
            </includes>
            <fileMode>0755</fileMode>
        </fileSet>

        <fileSet>
            <outputDirectory>./modules/transV20</outputDirectory>
            <directory>src/main/modules/transV20</directory>
            <includes>
                <include>**/*</include>
            </includes>
            <fileMode>0755</fileMode>
        </fileSet>

        <fileSet>
            <outputDirectory>./modules/pricesClose</outputDirectory>
            <directory>src/main/modules/pricesClose</directory>
            <includes>
                <include>**/*</include>
            </includes>
            <fileMode>0755</fileMode>
        </fileSet>

        <fileSet>
            <outputDirectory>./modules/pricesSmas</outputDirectory>
            <directory>src/main/modules/pricesSmas</directory>
            <includes>
                <include>**/*</include>
            </includes>
            <fileMode>0755</fileMode>
        </fileSet>

        <fileSet>
            <outputDirectory>./modules/pricesOHLC</outputDirectory>
            <directory>src/main/modules/pricesOHLC</directory>
            <includes>
                <include>**/*</include>
            </includes>
            <fileMode>0755</fileMode>
        </fileSet>

        <fileSet>
            <outputDirectory>./modules/pricesRsi</outputDirectory>
            <directory>src/main/modules/pricesRsi</directory>
            <includes>
                <include>**/*</include>
            </includes>
            <fileMode>0755</fileMode>
        </fileSet>

        <fileSet>
            <outputDirectory>./modules/pricesHighLowEvents</outputDirectory>
            <directory>src/main/modules/pricesHighLowEvents</directory>
            <includes>
                <include>**/*</include>
            </includes>
            <fileMode>0755</fileMode>
        </fileSet>

        <fileSet>
            <outputDirectory>./modules/pricesOhlcTrend</outputDirectory>
            <directory>src/main/modules/pricesOhlcTrend</directory>
            <includes>
                <include>**/*</include>
            </includes>
            <fileMode>0755</fileMode>
        </fileSet>

    </fileSets>

</assembly>