<assembly xmlns="http://maven.apache.org/plugins/maven-assembly-plugin/assembly/1.1.3"
          xmlns:xsi="http://www.w3.org/2001/XMLSchema-instance"
          xsi:schemaLocation="http://maven.apache.org/plugins/maven-assembly-plugin/assembly/1.1.3 http://maven.apache.org/xsd/assembly-1.1.3.xsd">
    <id>dist</id>

    <formats>
        <format>tar.gz</format>
    </formats>

    <includeBaseDirectory>false</includeBaseDirectory>

    <fileSets>
        <fileSet>
            <outputDirectory>/</outputDirectory>
            <directory>src/main/q</directory>
            <includes>
                <!-- all files and all subdirectories -->
                <include>**/*</include>
            </includes>
        </fileSet>
    </fileSets>

</assembly>